product,price,promotion,source
BLUETAB™ 마커 루즈 진,249000.0,No Promotion,Levis
BLUETAB™ 마커 루즈 진,249000.0,No Promotion,Levis
BLUETAB™ 1980's 501® 진_Made in Japan,349000.0,No Promotion,Levis
Levi's® x END. 568™ 루즈 스트레이트 진,279000.0,No Promotion,Levis
501® 오리지널 진_화이트진,159000.0,No Promotion,Levis
501® 오리지널 진,159000.0,No Promotion,Levis
501® 오리지널 진,159000.0,No Promotion,Levis
501® 오리지널 진_RIGID,99000.0,No Promotion,Levis
501® 오리지널 진_RIGID,99000.0,No Promotion,Levis
501® 오리지널 진_RIGID,99000.0,No Promotion,Levis
501® 오리지널 진,99000.0,No Promotion,Levis
501® 오리지널 진,99000.0,No Promotion,Levis
501® 오리지널 진,99000.0,No Promotion,Levis
501® 오리지널 진,99000.0,No Promotion,Levis
501® 오리지널 진,99000.0,No Promotion,Levis
501® '93 스트레이트 셀비지 진,199000.0,No Promotion,Levis
501® '93 스트레이트 셀비지 진,199000.0,No Promotion,Levis
501® '54 진,159000.0,No Promotion,Levis
502™ 테이퍼 셀비지 진,199000.0,No Promotion,Levis
502™ 테이퍼드 핏_블랙진,159000.0,No Promotion,Levis
502™ 테이퍼 진,169000.0,No Promotion,Levis
502™ 테이퍼 진,159000.0,No Promotion,Levis
502™ 테이퍼 진,159000.0,No Promotion,Levis
502™ 테이퍼 진,89000.0,No Promotion,Levis
505™ 레귤러 셀비지 진,199000.0,No Promotion,Levis
505™ 레귤러 셀비지 진,199000.0,No Promotion,Levis
505™ 레귤러 진,169000.0,No Promotion,Levis
505™ 레귤러 진,159000.0,No Promotion,Levis
505™ 레귤러 진,159000.0,No Promotion,Levis
505™ 레귤러 진,159000.0,No Promotion,Levis
505™ 레귤러 진,99000.0,No Promotion,Levis
505™ 레귤러 진,99000.0,No Promotion,Levis
505™ 레귤러 진,99000.0,No Promotion,Levis
555™ 릴렉스 스트레이트 진_SOFT RIGID,159000.0,No Promotion,Levis
555™ 릴렉스 스트레이트 진,159000.0,No Promotion,Levis
555™ 릴렉스 스트레이트 진,159000.0,No Promotion,Levis
555™ 릴렉스 스트레이트 진,159000.0,No Promotion,Levis
555™ 릴렉스 스트레이트 카펜터 팬츠,109000.0,No Promotion,Levis
555™ 릴렉스 스트레이트 유틸리티 진,159000.0,No Promotion,Levis
555™ '96 릴렉스 스트레이트 진,89000.0,No Promotion,Levis
559™ 릴렉스 스트레이트 진,99000.0,No Promotion,Levis
559™ 릴렉스 스트레이트 진,99000.0,No Promotion,Levis
578™ 배기 진,159000.0,No Promotion,Levis
578™ 배기 진,159000.0,No Promotion,Levis
578™ 배기 진,159000.0,No Promotion,Levis
567™ 릴렉스 플레어 진,159000.0,No Promotion,Levis
517™ 부츠컷 진_RIGID,159000.0,No Promotion,Levis
517™ 부츠컷 진,159000.0,No Promotion,Levis
517™ 부츠컷 진,159000.0,No Promotion,Levis
517™ 부츠컷 진_RINSE,99000.0,No Promotion,Levis
517™ 부츠컷 진,99000.0,No Promotion,Levis
517™ 부츠컷 진,99000.0,No Promotion,Levis
517™ 부츠컷 진,99000.0,No Promotion,Levis
565™ '97 루즈 스트레이트 진,79000.0,20%,Levis
565™ '97 루즈 스트레이트 진,69000.0,30%,Levis
568™ 루즈 스트레이트 더블니 팬츠,109000.0,No Promotion,Levis
568™ 루즈 스트레이트 더블니 팬츠,109000.0,No Promotion,Levis
568™ 루즈 스트레이트 더블니 팬츠,109000.0,No Promotion,Levis
568™ 루즈 스트레이트 카고 팬츠,109000.0,No Promotion,Levis
568™ 루즈 스트레이트 카고 팬츠,109000.0,No Promotion,Levis
맨 벌룬핏 웨빙 데님 팬츠 블랙 워시드,83300.0,30%,Lee Korea
맨 유틸리티 페인터 데님 팬츠 블랙 워시드,90300.0,30%,Lee Korea
맨 빈티지 워싱 데님 팬츠 인디고 미듐,59500.0,50%,Lee Korea
맨 빈티지 페인터 데님 팬츠 인디고 미듐,71400.0,40%,Lee Korea
맨 빈티지 페인터 데님 팬츠 블랙 워시드,71400.0,40%,Lee Korea
맨 스트레이트핏 콘밀 데님 팬츠 인디고 로우,65400.0,40%,Lee Korea
맨 릴랙스드핏 데님 팬츠 인디고 미듐,76300.0,30%,Lee Korea
맨 릴랙스드핏 데님 팬츠 블랙 워시드,76300.0,30%,Lee Korea
맨 스트레이트핏 콘밀 데님 팬츠 블랙 로우,65400.0,40%,Lee Korea
맨 스트레이트핏 데님 팬츠 인디고 미듐,59400.0,40%,Lee Korea
맨 스트레이트핏 데님 팬츠 인디고 라이트,59400.0,40%,Lee Korea
맨 스트레이트핏 데님 팬츠 에크루,59400.0,40%,Lee Korea
맨 스탠다드핏 데님 팬츠 인디고 다크,69300.0,30%,Lee Korea
맨 스탠다드핏 데님 팬츠 블랙 워시드,69300.0,30%,Lee Korea
맨 웨빙 벨트 린넨 데님 팬츠 인디고 미듐,59500.0,50%,Lee Korea
맨 웨빙 벨트 린넨 데님 팬츠 인디고 라이트,59500.0,50%,Lee Korea
맨 웨빙 벨트 퍼티그 데님 팬츠 블랙,65400.0,40%,Lee Korea
맨 스트레이트핏 데님 팬츠 블랙,59400.0,40%,Lee Korea
맨 페인터 데님 팬츠 인디고 다크,71400.0,40%,Lee Korea
맨 페인터 데님 팬츠 인디고 미듐,71400.0,40%,Lee Korea
맨 릴랙스드핏 다잉 데님 팬츠 블랙,65400.0,40%,Lee Korea
맨 릴랙스드 핏 데님팬츠 인디고 미듐,65400.0,40%,Lee Korea
맨 스트레이트핏 RAW 데님 팬츠 블랙,49500.0,50%,Lee Korea
맨 스탠다드핏 데님 팬츠 블랙,49500.0,50%,Lee Korea
맨 스탠다드핏 데님 팬츠 인디고 미듐,49500.0,50%,Lee Korea
맨 릴랙스드핏 다잉 데님 팬츠 베이지,64500.0,50%,Lee Korea
맨 스트레이트핏 데님 팬츠 인디고 라이트,59400.0,40%,Lee Korea
맨 스트레이트핏 데님 팬츠 인디고 미듐,59400.0,40%,Lee Korea
맨 릴랙스드핏 자수 데님 팬츠 인디고 미듐,59500.0,50%,Lee Korea
맨 스트레이트핏 페인터 데님 팬츠 인디고 로우,59500.0,50%,Lee Korea
맨 데님 이지 팬츠 블랙,44500.0,50%,Lee Korea
맨 릴랙스드핏 데님 팬츠 인디고 미듐,54500.0,50%,Lee Korea
맨 스트레이트핏 데님 팬츠 인디고 라이트,49500.0,50%,Lee Korea
와이드 코듀라 RAW 데님팬츠 인디고 로우,44500.0,50%,Lee Korea
와이드 데님 팬츠 인디고 미듐,39600.0,60%,Lee Korea
와이드 데님 팬츠 인디고 라이트,39600.0,60%,Lee Korea
와이드 린넨 데님 팬츠 인디고 다크,54500.0,50%,Lee Korea
크롭 테이퍼드 투 톤 데님 팬츠 인디고 라이트,59600.0,60%,Lee Korea
맨 데님 이지 팬츠 에크루,44500.0,50%,Lee Korea
맨 데님 이지 팬츠 인디고 다크,44500.0,50%,Lee Korea
맨 오리진핏 데님 팬츠 블랙,49500.0,50%,Lee Korea
맨 오리진핏 데님 팬츠 인디고 미듐,49500.0,50%,Lee Korea
맨 스트레이트 블랙 RAW 데님 팬츠,44500.0,50%,Lee Korea
맨 스트레이트 코듀라RAW 데님팬츠 인디고 로우,35600.0,60%,Lee Korea
맨 크롭 테이퍼드 RAW 데님 팬츠 인디고 로우,39600.0,60%,Lee Korea
맨 스트레이트핏 블랙 RAW 데님 팬츠 블랙,49500.0,50%,Lee Korea
스트레이트 데님팬츠 인디고 라이트,39600.0,60%,Lee Korea
크롭 테이퍼드 핸드브러시 데님 인디고 미듐,43600.0,60%,Lee Korea
와이드 투 톤 RAW 데님 팬츠 인디고 로우,59600.0,60%,Lee Korea
맨 벌룬핏 데님 팬츠 인디고 미디움,59500.0,50%,Lee Korea
맨 릴랙스드핏 투 턱 데님 팬츠 에크루,54000.0,50%,Lee Korea
맨 릴랙스드핏 투 턱 데님 팬츠 인디고 다크,54000.0,50%,Lee Korea
맨 페인터 데님 팬츠 블랙,71400.0,40%,Lee Korea
스트레이트 데님팬츠 인디고 미듐,39600.0,60%,Lee Korea
맨 오버사이즈드핏 데님 팬츠 블랙,59500.0,50%,Lee Korea
맨 릴랙스드핏 데님 팬츠 인디고 다크,54500.0,50%,Lee Korea
페인터 데님 쇼츠 인디고 미듐,62300.0,30%,Lee Korea
페인터 데님 쇼츠 인디고 다크,62300.0,30%,Lee Korea
맨 릴랙스드핏 데미지 데님 팬츠 인디고 미듐,89000.0,31%,Lee Korea
맨 스트레이트핏 다잉 데님 팬츠 라이트 그레이,59400.0,40%,Lee Korea
맨 블랙 로우 데님 슬림 테이퍼드 핏,23700.0,70%,Lee Korea
맨 벌룬핏 데님 팬츠 브라운,35600.0,60%,Lee Korea
맨 릴랙스드핏 데님 팬츠 인디고 다크,76300.0,30%,Lee Korea
맨 테이퍼드핏 블랙 데님 팬츠,,No Promotion,Lee Korea
맨 벌룬핏 데님 팬츠 블랙,,No Promotion,Lee Korea
맨 와이드핏 M톤 데님 투턱 팬츠 인디고 미디움,,No Promotion,Lee Korea
남성 시그니처 90's 스트레이트핏 다크블루 데님,199000.0,No Promotion,Calvin Klein
남성 바디 테이퍼핏 라이트블루 이탈리안 데님,188300.0,30%,Calvin Klein
남성 시그니처 90's 스트레이트핏 다크블루 데님,215200.0,20%,Calvin Klein
남성 배기핏 블랙 스모크 데님,199000.0,No Promotion,Calvin Klein
남성 스탠다드 스트레이트핏 미드블루 워시 데님,87600.0,37%,Calvin Klein
남성 바디핏 다크블루 기모 데님,215200.0,20%,Calvin Klein
남성 스탠다드 스트레이트핏 블랙 데님,112800.0,37%,Calvin Klein
남성 90's 루즈핏 미드블루 데님,103100.0,55%,Calvin Klein
남성 바디핏 블랙 37.5 기능성 데님,249000.0,No Promotion,Calvin Klein
남성 90's 루즈핏 아이보리 카고 데님,160300.0,30%,Calvin Klein
남성 스탠다드 스트레이트핏 블랙 데님,249000.0,No Promotion,Calvin Klein
남성 90's 스트레이트핏 라이트블루 린넨 데님,160300.0,30%,Calvin Klein
남성 90's 스트레이트핏 블랙 데님,229000.0,No Promotion,Calvin Klein
남성 슬림 테이퍼핏 미드블루 37.5 기능성 데님,249000.0,No Promotion,Calvin Klein
남성 90's 스트레이트핏 다크블루 데님,229000.0,No Promotion,Calvin Klein
남성 90's 스트레이트핏 라이트그레이 데님,144300.0,37%,Calvin Klein
남성 90s 스트레이트 37.5 플로렌스 스트레치 진,244300.0,30%,Calvin Klein
남성 90's 스트레이트핏 미드블루 이탈리안 데님,156900.0,37%,Calvin Klein
남성 바디 테이퍼핏 다크블루 데님,144300.0,37%,Calvin Klein
남성 90's 스트레이트핏 미드블루 에코 쿨 데님,144300.0,37%,Calvin Klein
남성 시그니처 90's 스트레이트핏 라이트블루 쿨링 데님,229000.0,No Promotion,Calvin Klein
남성 스탠다드 스트레이트핏 스톤워시 데님,112800.0,37%,Calvin Klein
남성 90's 스트레이트핏 미드블루 AOP 데님,299000.0,No Promotion,Calvin Klein
남성 바디핏 블랙 37.5 기능성 데님,156900.0,37%,Calvin Klein
남성 와이드핏 라이트블루 데님,199000.0,No Promotion,Calvin Klein
남성 90's 스트레이트핏 린스블루 데님,229000.0,No Promotion,Calvin Klein
남성 스탠다드 스트레이트핏 린스블루 데님,229000.0,No Promotion,Calvin Klein
남성 시그니처 90's 스트레이트핏 블루블랙 데님,199000.0,No Promotion,Calvin Klein
남성 90's 스트레이트핏 미드블루 스톤워시 데님,249000.0,No Promotion,Calvin Klein
남성 90's 스트레이트핏 블랙 데님,229000.0,No Promotion,Calvin Klein
남성 90's 스트레이트핏 미드블루 데님,144300.0,37%,Calvin Klein
남성 루즈 스트레이트 알로이 인디고 셀비지 진,307300.0,30%,Calvin Klein
남성 배기핏 라이트블루 스톤워시 데님,199000.0,No Promotion,Calvin Klein
남성 배기핏 다크블루 CK 데님,199000.0,No Promotion,Calvin Klein
남성 슬림핏 블루블랙 데님,112100.0,55%,Calvin Klein
남성 부츠컷 CK 라이트블루 데님,199000.0,No Promotion,Calvin Klein
남성 스탠다드 스트레이트핏 클라인 블루 데님,112800.0,37%,Calvin Klein
남성 모던 테이퍼핏 다크블루 37.5 기능성 데님,269000.0,No Promotion,Calvin Klein
남성 90's 스트레이트핏 라이트블루 텐셀 데님,229000.0,No Promotion,Calvin Klein
남성 90's 스트레이트핏 블랙 데님,249000.0,No Promotion,Calvin Klein
남성 90's 스트레이트핏 미드블루 데님,103100.0,55%,Calvin Klein
남성 어센틱 스트레이트핏 미드블루 기모 데님,199200.0,20%,Calvin Klein
남성 90's 스트레이트핏 스톤블루 데님,144300.0,37%,Calvin Klein
남성 90's 스트레이트핏 라이트블루 에코 쿨 데님,144300.0,37%,Calvin Klein
남성 바디 테이퍼핏 다크블루 37.5 기능성 데님,156900.0,37%,Calvin Klein
남성 바디핏 블루블랙 37.5 기능성 데님,156900.0,37%,Calvin Klein
남성 바디핏 다크블루 에코 쿨 데님,156900.0,37%,Calvin Klein
남성 바디핏 미드블루 이탈리안 데님,169500.0,37%,Calvin Klein
남성 스탠다드 스트레이트핏 스톤블루 데님,229000.0,No Promotion,Calvin Klein
남성 와이드핏 CK 클래식 블랙 데님,199000.0,No Promotion,Calvin Klein
남성 바디핏 블루블랙 이탈리안 데님,269000.0,No Promotion,Calvin Klein
남성 스탠다드 스트레이트핏 미드블루 이탈리안 데님,249000.0,No Promotion,Calvin Klein
남성 90's 스트레이트핏 미드블루 37.5 기능성 데님,249000.0,No Promotion,Calvin Klein
남성 슬림 스트레이트핏 미드블루 스트레치 데님,199000.0,No Promotion,Calvin Klein
남성 바디핏 라이트블루 에코 쿨 데님,156900.0,37%,Calvin Klein
남성 스탠다드 스트레이트핏 다크블루 데님,175800.0,37%,Calvin Klein
남성 슬림핏 다크블루 사파이어 데님,229000.0,No Promotion,Calvin Klein
남성 90's 스트레이트핏 다크블루 텐셀 데님,229000.0,No Promotion,Calvin Klein
남성 바디핏 블랙 이탈리안 데님,269000.0,No Promotion,Calvin Klein
남성 루즈 미드나이트 스톤 캐시미어 진,307300.0,30%,Calvin Klein
남성 90's 스트레이트핏 미드블루 데님,229000.0,No Promotion,Calvin Klein
남성 슬림핏 블루 37.5 기능성 데님,249000.0,No Promotion,Calvin Klein
